Target,PepID
Acholeplasma_laidlawii,pep.0
Mycoplasma_gallisepticum,pep.0
Mycoplasma_mycoides,pep.0
Spiroplasma_citri,pep.0
Spiroplasma_floricola,pep.0
Acholeplasma_laidlawii,pep.1
Mycoplasma_fermentans,pep.1
Mycoplasma_hyorhinis,pep.1
Sinorhizobium_meliloti,pep.1
Acholeplasma_laidlawii,pep.2
Bacteroides_fragilis,pep.2
Clostridium_septicum,pep.2
Enterococcus_faecium,pep.2
Fusobacterium_varium,pep.2
Malassezia_furfur,pep.2
Mycoplasma_gallisepticum,pep.2
Mycoplasma_mycoides,pep.2
Prevotella_melaninogenica,pep.2
Saccharomyces_cerevisiae,pep.2
Spiroplasma_citri,pep.2
Spiroplasma_floricola,pep.2
Streptococcus_gordonii,pep.2
Streptococcus_salivarius,pep.2
Vibrio_vulnificus,pep.2
Acholeplasma_laidlawii,pep.3
Mycoplasma_gallisepticum,pep.3
Mycoplasma_mycoides,pep.3
Spiroplasma_citri,pep.3
Spiroplasma_floricola,pep.3
Acholeplasma_laidlawii,pep.4
Mycoplasma_gallisepticum,pep.4
Mycoplasma_mycoides,pep.4
Spiroplasma_citri,pep.4
Spiroplasma_floricola,pep.4
Acholeplasma_laidlawii,pep.5
Acholeplasma_laidlawii,pep.6
Acholeplasma_laidlawii,pep.7
Mycoplasma_gallisepticum,pep.7
Mycoplasma_genitalium,pep.7
Mycoplasma_mycoides,pep.7
Spiroplasma_apis,pep.7
Spiroplasma_citri,pep.7
Spiroplasma_floricola,pep.7
Acholeplasma_laidlawii,pep.8
Acholeplasma_laidlawii,pep.9
Achromobacter_xylosoxidans,pep.10
Achromobacter_xylosoxidans,pep.11
Actinomyces_naeslundii,pep.11
Aggregatibacter_actinomycetemcomitans,pep.11
Bibersteinia_trehalosi,pep.11
Candida_parapsilosis,pep.11
Fusobacterium_nucleatum,pep.11
Mannheimia_haemolytica,pep.11
Parvimonas_micra,pep.11
Pasteurella_multocida,pep.11
Pichia_kudriavzevii,pep.11
Porphyromonas_gingivalis,pep.11
Streptococcus_mutans,pep.11
Streptococcus_sanguinis,pep.11
Achromobacter_xylosoxidans,pep.12
Aeromonas_salmonicida,pep.12
Campylobacter_jejuni,pep.12
Flavobacterium_psychrophilum,pep.12
Yersinia_ruckeri,pep.12
Achromobacter_xylosoxidans,pep.13
Pseudomonas_fluorescens,pep.13
Pseudomonas_stutzeri,pep.13
Achromobacter_xylosoxidans,pep.14
Pseudomonas_stutzeri,pep.14
Stenotrophomonas_maltophilia,pep.14
Achromobacter_xylosoxidans,pep.15
Pseudomonas_stutzeri,pep.15
Achromobacter_xylosoxidans,pep.16
Pseudomonas_stutzeri,pep.16
Achromobacter_xylosoxidans,pep.17
Porphyromonas_gingivalis,pep.17
Streptococcus_gordonii,pep.17
Achromobacter_xylosoxidans,pep.18
Pseudomonas_stutzeri,pep.18
Achromobacter_xylosoxidans,pep.19
Acinetobacter_baumannii,pep.20
Cryptococcus_neoformans,pep.20
Enterococcus_faecalis,pep.20
Escherichia_coli,pep.20
Staphylococcus_aureus,pep.20
Staphylococcus_epidermidis,pep.20
Acinetobacter_baumannii,pep.21
Candida_tropicalis,pep.21
Corynebacterium_glutamicum,pep.21
Cryptococcus_neoformans,pep.21
Klebsiella_oxytoca,pep.21
Klebsiella_pneumoniae,pep.21
Kluyveromyces_marxianus,pep.21
Porphyromonas_gingivalis,pep.21
Acinetobacter_baumannii,pep.22
Cryptococcus_neoformans,pep.22
Fusarium_solani,pep.22
Kluyveromyces_marxianus,pep.22
Acinetobacter_baumannii,pep.23
Enterococcus_faecalis,pep.23
Acinetobacter_baumannii,pep.24
Aeromonas_salmonicida,pep.24
Aspergillus_niger,pep.24
Candida_tropicalis,pep.24
Citrobacter_freundii,pep.24
Enterobacter_aerogenes,pep.24
Enterobacter_cloacae,pep.24
Moraxella_catarrhalis,pep.24
Shigella_sonnei,pep.24
Stenotrophomonas_maltophilia,pep.24
Acinetobacter_baumannii,pep.25
Acinetobacter_baumannii,pep.26
Enterobacter_cloacae,pep.26
Klebsiella_pneumoniae,pep.26
Acinetobacter_baumannii,pep.27
Enterobacter_cloacae,pep.27
Klebsiella_pneumoniae,pep.27
Acinetobacter_baumannii,pep.28
Acinetobacter_baumannii,pep.29
Enterobacter_cloacae,pep.29
Acinetobacter_calcoaceticus,pep.30
Citrobacter_freundii,pep.30
Klebsiella_oxytoca,pep.30
Pichia_kudriavzevii,pep.30
Acinetobacter_calcoaceticus,pep.31
Corynebacterium_jeikeium,pep.31
Streptococcus_mitis,pep.31
Streptococcus_pneumoniae,pep.31
Acinetobacter_calcoaceticus,pep.32
Acinetobacter_calcoaceticus,pep.33
Corynebacterium_jeikeium,pep.33
Streptococcus_pyogenes,pep.33
Acinetobacter_calcoaceticus,pep.34
Corynebacterium_jeikeium,pep.34
Streptococcus_mitis,pep.34
Streptococcus_pneumoniae,pep.34
Streptococcus_pyogenes,pep.34
Acinetobacter_calcoaceticus,pep.35
Corynebacterium_jeikeium,pep.35
Streptococcus_mitis,pep.35
Streptococcus_pneumoniae,pep.35
Acinetobacter_calcoaceticus,pep.36
Corynebacterium_jeikeium,pep.36
Acinetobacter_calcoaceticus,pep.37
Aspergillus_nidulans,pep.37
Bacillus_cereus,pep.37
Acinetobacter_calcoaceticus,pep.38
Staphylococcus_sciuri,pep.38
Acinetobacter_calcoaceticus,pep.39
Acinetobacter_johnsonii,pep.40
Bacillus_cereus,pep.40
Acinetobacter_johnsonii,pep.41
Acinetobacter_johnsonii,pep.42
Acinetobacter_johnsonii,pep.43
Acinetobacter_johnsonii,pep.44
Acinetobacter_johnsonii,pep.45
Acinetobacter_johnsonii,pep.46
Acinetobacter_junii,pep.47
Acinetobacter_junii,pep.48
Acinetobacter_junii,pep.49
Acinetobacter_junii,pep.50
Staphylococcus_capitis,pep.50
Yersinia_pseudotuberculosis,pep.50
Acinetobacter_junii,pep.51
Staphylococcus_capitis,pep.51
Yersinia_pseudotuberculosis,pep.51
Acinetobacter_junii,pep.52
Acinetobacter_junii,pep.53
Yersinia_pseudotuberculosis,pep.53
Acinetobacter_junii,pep.54
Schizosaccharomyces_pombe,pep.54
Staphylococcus_capitis,pep.54
Yersinia_pseudotuberculosis,pep.54
Acinetobacter_junii,pep.55
Acinetobacter_junii,pep.56
Actinomyces_naeslundii,pep.57
Lactobacillus_acidophilus,pep.57
Lactobacillus_casei,pep.57
Lactobacillus_fermentum,pep.57
Streptococcus_gordonii,pep.57
Streptococcus_salivarius,pep.57
Streptococcus_sanguinis,pep.57
Streptococcus_sobrinus,pep.57
Actinomyces_naeslundii,pep.58
Lactobacillus_acidophilus,pep.58
Lactobacillus_casei,pep.58
Lactobacillus_fermentum,pep.58
Sporothrix_schenckii,pep.58
Streptococcus_gordonii,pep.58
Streptococcus_sanguinis,pep.58
Streptococcus_sobrinus,pep.58
Actinomyces_naeslundii,pep.59
Lactobacillus_acidophilus,pep.59
Lactobacillus_casei,pep.59
Lactobacillus_fermentum,pep.59
Aerococcus_viridans,pep.60
Bacillus_megaterium,pep.60
Aerococcus_viridans,pep.61
Aerococcus_viridans,pep.62
Pediococcus_acidilactici,pep.62
Aerococcus_viridans,pep.63
Zobellia_galactanivorans,pep.63
Aerococcus_viridans,pep.64
Botrytis_cinerea,pep.64
Neurospora_crassa,pep.64
Pediococcus_acidilactici,pep.64
Aerococcus_viridans,pep.65
Botrytis_cinerea,pep.65
Citrobacter_freundii,pep.65
Fusarium_culmorum,pep.65
Neurospora_crassa,pep.65
Pediococcus_acidilactici,pep.65
Shigella_flexneri,pep.65
Aerococcus_viridans,pep.66
Botrytis_cinerea,pep.66
Fusarium_culmorum,pep.66
Neurospora_crassa,pep.66
Aerococcus_viridans,pep.67
Alcaligenes_faecalis,pep.67
Fusarium_culmorum,pep.67
Neurospora_crassa,pep.67
Pectobacterium_carotovorum,pep.67
Staphylococcus_saprophyticus,pep.67
Streptococcus_pyogenes,pep.67
Xanthomonas_campestris,pep.67
Aerococcus_viridans,pep.68
Alcaligenes_faecalis,pep.68
Fusarium_culmorum,pep.68
Pectobacterium_carotovorum,pep.68
Xanthomonas_campestris,pep.68
Aerococcus_viridans,pep.69
Aeromonas_caviae,pep.70
Microsporum_canis,pep.70
Nocardia_brasiliensis,pep.70
Aeromonas_caviae,pep.71
Microsporum_canis,pep.71
Nocardia_brasiliensis,pep.71
Aeromonas_caviae,pep.72
Nocardia_brasiliensis,pep.72
Aeromonas_caviae,pep.73
Nocardia_brasiliensis,pep.73
Aeromonas_caviae,pep.74
Nocardia_brasiliensis,pep.74
Aeromonas_caviae,pep.75
Aeromonas_caviae,pep.76
Aeromonas_caviae,pep.77
Nocardia_brasiliensis,pep.77
Aeromonas_caviae,pep.78
Microsporum_canis,pep.78
Nocardia_brasiliensis,pep.78
Trichophyton_rubrum,pep.78
Aeromonas_caviae,pep.79
Leishmania_major,pep.79
Microsporum_canis,pep.79
Aeromonas_hydrophila,pep.80
Lactococcus_garvieae,pep.80
Streptococcus_iniae,pep.80
Aeromonas_hydrophila,pep.81
Edwardsiella_tarda,pep.81
Streptococcus_agalactiae,pep.81
Vibrio_vulnificus,pep.81
Aeromonas_hydrophila,pep.82
Lactococcus_garvieae,pep.82
Streptococcus_iniae,pep.82
Vibrio_anguillarum,pep.82
Aeromonas_hydrophila,pep.83
Pseudomonas_fluorescens,pep.83
Pseudomonas_stutzeri,pep.83
Shigella_flexneri,pep.83
Aeromonas_hydrophila,pep.84
Aeromonas_veronii,pep.84
Edwardsiella_tarda,pep.84
Klebsiella_oxytoca,pep.84
Proteus_mirabilis,pep.84
Shigella_dysenteriae,pep.84
Vibrio_vulnificus,pep.84
Aeromonas_hydrophila,pep.85
Aeromonas_hydrophila,pep.86
Pseudomonas_stutzeri,pep.86
Aeromonas_hydrophila,pep.87
Aeromonas_hydrophila,pep.88
Aeromonas_hydrophila,pep.89
Bacillus_pumilus,pep.89
Edwardsiella_tarda,pep.89
Pseudomonas_fluorescens,pep.89
Aeromonas_salmonicida,pep.90
Vibrio_anguillarum,pep.90
Aeromonas_salmonicida,pep.91
Aeromonas_salmonicida,pep.92
Aeromonas_salmonicida,pep.93
Aeromonas_salmonicida,pep.94
Aeromonas_salmonicida,pep.95
Aeromonas_salmonicida,pep.96
Aeromonas_salmonicida,pep.97
Aspergillus_flavus,pep.97
Aspergillus_niger,pep.97
Enterobacter_aerogenes,pep.97
Klebsiella_oxytoca,pep.97
Lactobacillus_acidophilus,pep.97
Lactobacillus_fermentum,pep.97
Malassezia_furfur,pep.97
Pasteurella_haemolytica,pep.97
Streptococcus_gordonii,pep.97
Streptococcus_sobrinus,pep.97
Vibrio_anguillarum,pep.97
Aeromonas_veronii,pep.98
Proteus_mirabilis,pep.98
Vibrio_anguillarum,pep.98
Aeromonas_veronii,pep.99
Proteus_mirabilis,pep.99
Vibrio_cholerae,pep.99
Aeromonas_veronii,pep.100
Proteus_mirabilis,pep.100
Aggregatibacter_actinomycetemcomitans,pep.101
Aggregatibacter_actinomycetemcomitans,pep.102
Aggregatibacter_actinomycetemcomitans,pep.103
Alcaligenes_faecalis,pep.104
Alcaligenes_faecalis,pep.105
Alcaligenes_faecalis,pep.106
Aspergillus_flavus,pep.106
Beauveria_bassiana,pep.106
Providencia_rettgeri,pep.106
Tetragenococcus_halophilus,pep.106
Alcaligenes_faecalis,pep.107
Alcaligenes_faecalis,pep.108
Bacillus_subtilis,pep.108
Micrococcus_luteus,pep.108
Staphylococcus_aureus,pep.108
Alcaligenes_faecalis,pep.109
Alcaligenes_faecalis,pep.110
Dermacoccus_nishinomiyaensis,pep.110
Haemophilus_influenzae,pep.110
Alcaligenes_faecalis,pep.111
Arthrobacter,pep.112
Aspergillus_flavus,pep.113
Aspergillus_fumigatus,pep.113
Aspergillus_niger,pep.113
Campylobacter_jejuni,pep.113
Helicobacter_pylori,pep.113
Shigella_flexneri,pep.113
Shigella_sonnei,pep.113
Aspergillus_flavus,pep.114
Malassezia_furfur,pep.114
Aspergillus_flavus,pep.115
Aspergillus_niger,pep.115
Campylobacter_jejuni,pep.115
Helicobacter_pylori,pep.115
Aspergillus_flavus,pep.116
Aspergillus_flavus,pep.117
Malassezia_furfur,pep.117
Aspergillus_flavus,pep.118
Aspergillus_flavus,pep.119
Aspergillus_flavus,pep.120
Pseudomonas_putida,pep.120
Serratia_marcescens,pep.120
Staphylococcus_haemolyticus,pep.120
Streptococcus_mutans,pep.120
Aspergillus_fumigatus,pep.121
Bacillus_megaterium,pep.121
Bacillus_thuringiensis,pep.121
Beauveria_bassiana,pep.121
Fusarium_culmorum,pep.121
Fusarium_oxysporum,pep.121
Neurospora_crassa,pep.121
Pediococcus_acidilactici,pep.121
Staphylococcus_saprophyticus,pep.121
Trichophyton_mentagrophytes,pep.121
Xanthomonas_campestris,pep.121
Aspergillus_fumigatus,pep.122
Candida_parapsilosis,pep.122
Sporothrix_schenckii,pep.122
Aspergillus_fumigatus,pep.123
Bibersteinia_trehalosi,pep.123
Corynebacterium_pseudotuberculosis,pep.123
Mannheimia_haemolytica,pep.123
Pasteurella_multocida,pep.123
Serratia_marcescens,pep.123
Aspergillus_fumigatus,pep.124
Bibersteinia_trehalosi,pep.124
Mannheimia_haemolytica,pep.124
Pasteurella_multocida,pep.124
Aspergillus_fumigatus,pep.125
Mannheimia_haemolytica,pep.125
Aspergillus_fumigatus,pep.126
Sporothrix_schenckii,pep.126
Trichophyton_mentagrophytes,pep.126
Aspergillus_fumigatus,pep.127
Sporothrix_schenckii,pep.127
Aspergillus_fumigatus,pep.128
Aspergillus_fumigatus,pep.129
Corynebacterium_pseudotuberculosis,pep.129
Aspergillus_nidulans,pep.130
Aspergillus_nidulans,pep.131
Streptococcus_suis,pep.131
Aspergillus_nidulans,pep.132
Aspergillus_niger,pep.133
Cronobacter_sakazakii,pep.133
Enterococcus_hirae,pep.133
Staphylococcus_xylosus,pep.133
Aspergillus_niger,pep.134
Aspergillus_oryzae,pep.134
Colletotrichum_acutatum,pep.134
Pythium_ultimum,pep.134
Sclerotinia_sclerotiorum,pep.134
Aspergillus_niger,pep.135
Aspergillus_niger,pep.136
Fusarium_oxysporum,pep.136
Aspergillus_niger,pep.137
Aspergillus_niger,pep.138
Candida_parapsilosis,pep.138
Candida_tropicalis,pep.138
Serratia_marcescens,pep.138
Aspergillus_oryzae,pep.139
Candida_viswanathii,pep.139
Bacillus_amyloliquefaciens,pep.140
Bacillus_thuringiensis,pep.140
Staphylococcus_sciuri,pep.140
Bacillus_anthracis,pep.141
Bacillus_subtilis,pep.141
Bacteroides_fragilis,pep.141
Cutibacterium_acnes,pep.141
Enterococcus_faecalis,pep.141
Enterococcus_faecium,pep.141
Haemophilus_influenzae,pep.141
Mycobacterium_smegmatis,pep.141
Mycobacterium_tuberculosis,pep.141
Staphylococcus_aureus,pep.141
Staphylococcus_epidermidis,pep.141
Staphylococcus_haemolyticus,pep.141
Staphylococcus_warneri,pep.141
Streptococcus_agalactiae,pep.141
Streptococcus_anginosus,pep.141
Streptococcus_intermedius,pep.141
Streptococcus_mitis,pep.141
Streptococcus_pneumoniae,pep.141
Streptococcus_pyogenes,pep.141
Streptococcus_salivarius,pep.141
Streptococcus_sanguinis,pep.141
Bacillus_anthracis,pep.142
Brucella_melitensis,pep.142
Bacillus_anthracis,pep.143
Brucella_melitensis,pep.143
Bacillus_anthracis,pep.144
Yersinia_pestis,pep.144
Bacillus_anthracis,pep.145
Brucella_melitensis,pep.145
Yersinia_pestis,pep.145
Bacillus_anthracis,pep.146
Brucella_melitensis,pep.146
Bacillus_anthracis,pep.147
Brucella_melitensis,pep.147
Yersinia_pestis,pep.147
Bacillus_anthracis,pep.148
Brucella_melitensis,pep.148
Francisella_tularensis,pep.148
Yersinia_pestis,pep.148
Bacillus_anthracis,pep.149
Brucella_melitensis,pep.149
Francisella_tularensis,pep.149
Yersinia_pestis,pep.149
Bacillus_anthracis,pep.150
Francisella_tularensis,pep.150
Bacillus_cereus,pep.151
Enterobacter_cloacae,pep.151
Klebsiella_pneumoniae,pep.151
Staphylococcus_aureus,pep.151
Staphylococcus_haemolyticus,pep.151
Staphylococcus_saprophyticus,pep.151
Bacillus_cereus,pep.152
Listeria_monocytogenes,pep.152
Bacillus_cereus,pep.153
Burkholderia_stabilis,pep.153
Lelliottia_amnigena,pep.153
Sporosarcina_ureae,pep.153
Bacillus_cereus,pep.154
Helicobacter_pylori,pep.154
Bacillus_cereus,pep.155
Listeria_monocytogenes,pep.155
Staphylococcus_haemolyticus,pep.155
Staphylococcus_saprophyticus,pep.155
Bacillus_cereus,pep.156
Bacillus_cereus,pep.157
Fusarium_oxysporum,pep.157
Fusarium_solani,pep.157
Pectobacterium_carotovorum,pep.157
Rhizoctonia_solani,pep.157
Trichoderma_asperellum,pep.157
Xanthomonas_campestris,pep.157
Bacillus_cereus,pep.158
Bacillus_pumilus,pep.158
Pseudomonas_fluorescens,pep.158
Shigella_flexneri,pep.158
Bacillus_circulans,pep.159
Enterococcus_faecium,pep.159
Lactobacillus_plantarum,pep.159
Lactobacillus_sakei,pep.159
Leuconostoc_mesenteroides,pep.159
Listeria_innocua,pep.159
Listeria_ivanovii,pep.159
Listeria_monocytogenes,pep.159
Pediococcus_pentosaceus,pep.159
Bacillus_circulans,pep.160
Bacillus_coagulans,pep.160
Enterococcus_hirae,pep.160
Lactobacillus_plantarum,pep.160
Lactobacillus_sakei,pep.160
Bacillus_circulans,pep.161
Leuconostoc_mesenteroides,pep.161
Bacillus_circulans,pep.162
Leuconostoc_mesenteroides,pep.162
Bacillus_circulans,pep.163
Pediococcus_pentosaceus,pep.163
Bacillus_coagulans,pep.164
Lactobacillus_plantarum,pep.164
Lactobacillus_sakei,pep.164
Listeria_innocua,pep.164
Bacillus_coagulans,pep.165
Vibrio_cholerae,pep.165
Bacillus_coagulans,pep.166
Bacillus_coagulans,pep.167
Vibrio_cholerae,pep.167
Bacillus_coagulans,pep.168
Vibrio_cholerae,pep.168
Bacillus_coagulans,pep.169
Clostridium_perfringens,pep.169
Clostridium_sporogenes,pep.169
Geobacillus_stearothermophilus,pep.169
Paenibacillus_polymyxa,pep.169
Bacillus_coagulans,pep.170
Bacillus_coagulans,pep.171
Bacillus_coagulans,pep.172
Corynebacterium_striatum,pep.172
Kocuria_rhizophila,pep.172
Lactobacillus_plantarum,pep.172
Lactobacillus_sakei,pep.172
Leuconostoc_mesenteroides,pep.172
Pediococcus_pentosaceus,pep.172
Bacillus_flexus,pep.173
Bacillus_licheniformis,pep.174
Bacillus_licheniformis,pep.175
Bacillus_licheniformis,pep.176
Serratia_rubidaea,pep.176
Staphylococcus_carnosus,pep.176
Bacillus_licheniformis,pep.177
Bacillus_licheniformis,pep.178
Bacillus_licheniformis,pep.179
Staphylococcus_carnosus,pep.179
Bacillus_licheniformis,pep.180
Serratia_rubidaea,pep.180
Staphylococcus_carnosus,pep.180
Bacillus_licheniformis,pep.181
Serratia_rubidaea,pep.181
Bacillus_licheniformis,pep.182
Serratia_rubidaea,pep.182
Bacillus_licheniformis,pep.183
Bacillus_megaterium,pep.184
Listonella_anguillarum,pep.184
Yersinia_enterocolitica,pep.184
Bacillus_megaterium,pep.185
Bacillus_megaterium,pep.186
Yersinia_enterocolitica,pep.186
Bacillus_megaterium,pep.187
Bacillus_megaterium,pep.188
Bacillus_megaterium,pep.189
Bacillus_megaterium,pep.190
Bacillus_megaterium,pep.191
Bacillus_pumilus,pep.192
Staphylococcus_aureus,pep.192
Bacillus_pumilus,pep.193
Bacillus_pumilus,pep.194
Bacillus_pumilus,pep.195
Bacillus_pumilus,pep.196
Bacillus_pumilus,pep.197
Bacillus_pumilus,pep.198
Bacillus_pumilus,pep.199
Bacillus_simplex,pep.200
Bacillus_simplex,pep.201
Bacillus_sp.,pep.202
Bacillus_subtilis,pep.203
Lactobacillus_plantarum,pep.203
Lactobacillus_sakei,pep.203
Lactococcus_lactis,pep.203
Listeria_innocua,pep.203
Micrococcus_luteus,pep.203
Staphylococcus_carnosus,pep.203
Bacillus_subtilis,pep.204
Bacillus_subtilis,pep.205
Porphyromonas_gingivalis,pep.205
Streptococcus_gordonii,pep.205
Bacillus_subtilis,pep.206
Bacillus_subtilis,pep.207
Escherichia_coli,pep.207
Bacillus_subtilis,pep.208
Bacillus_subtilis,pep.209
Bacillus_subtilis,pep.210
Bacillus_thuringiensis,pep.211
Delftia_acidovorans,pep.211
Bacillus_thuringiensis,pep.212
Delftia_acidovorans,pep.212
Bacillus_thuringiensis,pep.213
Staphylococcus,pep.213
Bacillus_thuringiensis,pep.214
Colletotrichum_gloeosporioides,pep.214
Metarhizium_anisopliae,pep.214
Bacillus_thuringiensis,pep.215
Bacillus_thuringiensis,pep.216
Staphylococcus,pep.216
Bacillus_thuringiensis,pep.217
Bacillus_thuringiensis,pep.218
Bacteroides_fragilis,pep.219
Bacteroides_thetaiotaomicron,pep.219
Citrobacter_freundii,pep.219
Cutibacterium_acnes,pep.219
Haemophilus_influenzae,pep.219
Helicobacter_pylori,pep.219
Klebsiella_oxytoca,pep.219
Streptococcus_equinus,pep.219
Veillonella_parvula,pep.219
Bacteroides_fragilis,pep.220
Bacteroides_fragilis,pep.221
Bifidobacterium_longum,pep.221
Lactobacillus_reuteri,pep.221
Mycobacterium_avium,pep.221
Mycobacterium_smegmatis,pep.221
Mycobacterium_tuberculosis,pep.221
Bacteroides_fragilis,pep.222
Clostridium_septicum,pep.222
Fusobacterium_varium,pep.222
Prevotella_melaninogenica,pep.222
Bacteroides_fragilis,pep.223
Clostridium_perfringens,pep.223
Clostridium_septicum,pep.223
Fusobacterium_varium,pep.223
Prevotella_melaninogenica,pep.223
Bacteroides_fragilis,pep.224
Clostridium_septicum,pep.224
Fusobacterium_varium,pep.224
Prevotella_melaninogenica,pep.224
Bacteroides_fragilis,pep.225
Clostridium_perfringens,pep.225
Clostridium_septicum,pep.225
Fusobacterium_varium,pep.225
Prevotella_melaninogenica,pep.225
Bibersteinia_trehalosi,pep.226
Mannheimia_haemolytica,pep.226
Pasteurella_multocida,pep.226
Bibersteinia_trehalosi,pep.227
Corynebacterium_pseudotuberculosis,pep.227
Fusobacterium_nucleatum,pep.227
Mannheimia_haemolytica,pep.227
Pasteurella_multocida,pep.227
Bibersteinia_trehalosi,pep.228
Corynebacterium_pseudotuberculosis,pep.228
Mannheimia_haemolytica,pep.228
Pasteurella_multocida,pep.228
Bibersteinia_trehalosi,pep.229
Mannheimia_haemolytica,pep.229
Pasteurella_multocida,pep.229
Bibersteinia_trehalosi,pep.230
Mannheimia_haemolytica,pep.230
Pasteurella_multocida,pep.230
Bibersteinia_trehalosi,pep.231
Corynebacterium_pseudotuberculosis,pep.231
Bibersteinia_trehalosi,pep.232
Corynebacterium_pseudotuberculosis,pep.232
Bordetella_bronchiseptica,pep.233
Bordetella_bronchiseptica,pep.234
Bordetella_bronchiseptica,pep.235
Bordetella_bronchiseptica,pep.236
Bordetella_bronchiseptica,pep.237
Yersinia_pestis,pep.237
Bordetella_bronchiseptica,pep.238
Bordetella_bronchiseptica,pep.239
Bordetella_bronchiseptica,pep.240
Bordetella_bronchiseptica,pep.241
Bordetella_bronchiseptica,pep.242
Botrytis_cinerea,pep.243
Botrytis_cinerea,pep.244
Botrytis_cinerea,pep.245
Pythium_ultimum,pep.245
Sclerotinia_sclerotiorum,pep.245
Botrytis_cinerea,pep.246
Colletotrichum_acutatum,pep.246
Rhizoctonia_solani,pep.246
Botrytis_cinerea,pep.247
Penicillium_digitatum,pep.247
Botrytis_cinerea,pep.248
Botrytis_cinerea,pep.249
Brucella_melitensis,pep.250
Francisella_tularensis,pep.250
Brucella_melitensis,pep.251
Francisella_tularensis,pep.251
Yersinia_pestis,pep.251
Brucella_melitensis,pep.252
Francisella_tularensis,pep.252
Yersinia_pestis,pep.252
Burkholderia_cenocepacia,pep.253
Burkholderia_cenocepacia,pep.254
Burkholderia_cenocepacia,pep.255
Burkholderia_cenocepacia,pep.256
Burkholderia_cepacia,pep.257
Burkholderia_cepacia,pep.258
Enterococcus_faecium,pep.258
Enterococcus_gallinarum,pep.258
Staphylococcus_aureus,pep.258
Streptococcus_pneumoniae,pep.258
Burkholderia_cepacia,pep.259
Enterococcus_gallinarum,pep.259
Streptococcus_pneumoniae,pep.259
Burkholderia_cepacia,pep.260
Enterococcus_gallinarum,pep.260
Burkholderia_cepacia,pep.261
Burkholderia_cepacia,pep.262
Leishmania_major,pep.262
Burkholderia_cepacia,pep.263
Burkholderia_cepacia,pep.264
Clavispora_lusitaniae,pep.264
Fusarium_culmorum,pep.264
Lactococcus_garvieae,pep.264
Moraxella_catarrhalis,pep.264
Neurospora_crassa,pep.264
Streptococcus_dysgalactiae,pep.264
Streptococcus_equinus,pep.264
Streptococcus_iniae,pep.264
Vibrio_cholerae,pep.264
Burkholderia_cepacia,pep.265
Burkholderia_cepacia,pep.266
Campylobacter_jejuni,pep.267
Escherichia_coli,pep.267
Jonesia_denitrificans,pep.267
Listeria_ivanovii,pep.267
Morganella_morganii,pep.267
Salmonella_enterica,pep.267
Shigella_dysenteriae,pep.267
Staphylococcus_aureus,pep.267
Staphylococcus_epidermidis,pep.267
Yersinia_enterocolitica,pep.267
Yersinia_pseudotuberculosis,pep.267
Campylobacter_jejuni,pep.268
Citrobacter_freundii,pep.268
Clostridium_perfringens,pep.268
Listeria_monocytogenes,pep.268
Morganella_morganii,pep.268
Proteus_mirabilis,pep.268
Proteus_vulgaris,pep.268
Salmonella_enterica,pep.268
Shigella_dysenteriae,pep.268
Yersinia_enterocolitica,pep.268
Yersinia_pseudotuberculosis,pep.268
Campylobacter_jejuni,pep.269
Campylobacter_jejuni,pep.270
Campylobacter_jejuni,pep.271
Flavobacterium_psychrophilum,pep.271
Yersinia_ruckeri,pep.271
Campylobacter_jejuni,pep.272
Campylobacter_jejuni,pep.273
Candida_albicans,pep.274
Candida_albicans,pep.275
Candida_albicans,pep.276
Micrococcus_luteus,pep.276
Candida_albicans,pep.277
Saccharomyces_cerevisiae,pep.277
Candida_albicans,pep.278
Cryptococcus_neoformans,pep.278
Pseudomonas_putida,pep.278
Saccharomyces_cerevisiae,pep.278
Streptococcus_mutans,pep.278
Candida_albicans,pep.279
Candida_albicans,pep.280
Candida_albicans,pep.281
Candida_albicans,pep.282
Candida_albicans,pep.283
Candida_parapsilosis,pep.284
Candida_tropicalis,pep.284
Pichia_kudriavzevii,pep.284
Candida_parapsilosis,pep.285
Candida_tropicalis,pep.285
Pichia_kudriavzevii,pep.285
Candida_parapsilosis,pep.286
Candida_parapsilosis,pep.287
Candida_parapsilosis,pep.288
Candida_parapsilosis,pep.289
Candida_parapsilosis,pep.290
Sporothrix_schenckii,pep.290
Candida_tropicalis,pep.291
Pectobacterium_carotovorum,pep.291
Streptococcus_dysgalactiae,pep.291
Trichoderma_asperellum,pep.291
Xanthomonas_axonopodis,pep.291
Xanthomonas_campestris,pep.291
Candida_tropicalis,pep.292
Candida_tropicalis,pep.293
Candida_tropicalis,pep.294
Neurospora_crassa,pep.294
Candida_tropicalis,pep.295
Carnobacterium_maltaromaticum,pep.296
Lactobacillus_casei,pep.296
Lactobacillus_plantarum,pep.296
Pediococcus_pentosaceus,pep.296
Carnobacterium_maltaromaticum,pep.297
Lactobacillus_casei,pep.297
Lactobacillus_curvatus,pep.297
Lactobacillus_sakei,pep.297
Pediococcus_acidilactici,pep.297
Pediococcus_pentosaceus,pep.297
Citrobacter_amalonaticus,pep.298
Morganella_morganii,pep.298
Providencia_stuartii,pep.298
Citrobacter_freundii,pep.299
Citrobacter_freundii,pep.300
Citrobacter_freundii,pep.301
Citrobacter_freundii,pep.302
Corynebacterium_xerosis,pep.302
Cyberlindnera_jadinii,pep.302
Fusarium_solani,pep.302
Citrobacter_freundii,pep.303
Elizabethkingia_meningoseptica,pep.303
Morganella_morganii,pep.303
Providencia_stuartii,pep.303
Citrobacter_koseri,pep.304
Citrobacter_koseri,pep.305
Citrobacter_koseri,pep.306
Citrobacter_koseri,pep.307
Citrobacter_koseri,pep.308
Staphylococcus_xylosus,pep.308
Citrobacter_koseri,pep.309
Lactobacillus_rhamnosus,pep.309
Streptococcus_sobrinus,pep.309
Citrobacter_koseri,pep.310
Lactobacillus_rhamnosus,pep.310
Schizosaccharomyces_pombe,pep.310
Clavibacter_michiganensis,pep.311
Xanthomonas_vesicatoria,pep.311
Clavibacter_michiganensis,pep.312
Pseudomonas_corrugata,pep.312
Xanthomonas_vesicatoria,pep.312
Clavibacter_michiganensis,pep.313
Pseudomonas_corrugata,pep.313
Xanthomonas_vesicatoria,pep.313
Clavibacter_michiganensis,pep.314
Pseudomonas_corrugata,pep.314
Pseudomonas_syringae,pep.314
Xanthomonas_vesicatoria,pep.314
Clavibacter_michiganensis,pep.315
Pectobacterium_carotovorum,pep.315
Pseudomonas_syringae,pep.315
Xanthomonas_vesicatoria,pep.315
Clavibacter_michiganensis,pep.316
Pseudomonas_corrugata,pep.316
Xanthomonas_vesicatoria,pep.316
Clavibacter_michiganensis,pep.317
Xanthomonas_vesicatoria,pep.317
Clavibacter_michiganensis,pep.318
Pseudomonas_corrugata,pep.318
Clavibacter_michiganensis,pep.319
Xanthomonas_vesicatoria,pep.319
Clavibacter_michiganensis,pep.320
Clavispora_lusitaniae,pep.321
Pichia_kudriavzevii,pep.321
Trichophyton_mentagrophytes,pep.321
Clavispora_lusitaniae,pep.322
Yarrowia_lipolytica,pep.322
Clavispora_lusitaniae,pep.323
Trichophyton_mentagrophytes,pep.323
Clavispora_lusitaniae,pep.324
Clostridium_perfringens,pep.325
Staphylococcus_aureus,pep.325
Clostridium_perfringens,pep.326
Cutibacterium_acnes,pep.326
Enterobacter_aerogenes,pep.326
Clostridium_perfringens,pep.327
Cutibacterium_acnes,pep.327
Clostridium_perfringens,pep.328
Clostridium_perfringens,pep.329
Corynebacterium_diphtheriae,pep.329
Corynebacterium_jeikeium,pep.329
Streptococcus_pneumoniae,pep.329
Streptococcus_pyogenes,pep.329
Streptococcus_suis,pep.329
Clostridium_perfringens,pep.330
Colletotrichum_gloeosporioides,pep.331
Metarhizium_anisopliae,pep.331
Pseudomonas_fluorescens,pep.331
Colletotrichum_gloeosporioides,pep.332
Metarhizium_anisopliae,pep.332
Pseudomonas_fluorescens,pep.332
Colletotrichum_gloeosporioides,pep.333
Metarhizium_anisopliae,pep.333
Corynebacterium_diphtheriae,pep.334
Mycobacterium_smegmatis,pep.334
Porphyromonas_gingivalis,pep.334
Corynebacterium_diphtheriae,pep.335
Corynebacterium_diphtheriae,pep.336
Corynebacterium_diphtheriae,pep.337
Corynebacterium_diphtheriae,pep.338
Corynebacterium_diphtheriae,pep.339
Corynebacterium_diphtheriae,pep.340
Corynebacterium_glutamicum,pep.341
Corynebacterium_glutamicum,pep.342
Corynebacterium_glutamicum,pep.343
Corynebacterium_glutamicum,pep.344
Corynebacterium_glutamicum,pep.345
Corynebacterium_glutamicum,pep.346
Vibrio_vulnificus,pep.346
Yersinia_ruckeri,pep.346
Corynebacterium_glutamicum,pep.347
Corynebacterium_glutamicum,pep.348
Penicillium_roqueforti,pep.348
Corynebacterium_glutamicum,pep.349
Corynebacterium_jeikeium,pep.350
Corynebacterium_jeikeium,pep.351
Corynebacterium_jeikeium,pep.352
Streptococcus_mitis,pep.352
Corynebacterium_jeikeium,pep.353
Streptococcus_pneumoniae,pep.353
Corynebacterium_pseudotuberculosis,pep.354
Corynebacterium_pseudotuberculosis,pep.355
Corynebacterium_pseudotuberculosis,pep.356
Corynebacterium_pseudotuberculosis,pep.357
Corynebacterium_stationis,pep.358
Parastagonospora_nodorum,pep.358
Vibrio_nigripulchritudo,pep.358
Corynebacterium_stationis,pep.359
Parastagonospora_nodorum,pep.359
Vibrio_nigripulchritudo,pep.359
Corynebacterium_stationis,pep.360
Corynebacterium_xerosis,pep.361
Listeria_monocytogenes,pep.361
Staphylococcus_haemolyticus,pep.361
Corynebacterium_xerosis,pep.362
Staphylococcus_haemolyticus,pep.362
Corynebacterium_xerosis,pep.363
Streptococcus_mitis,pep.363
Corynebacterium_xerosis,pep.364
Streptococcus_mitis,pep.364
Corynebacterium_xerosis,pep.365
Streptococcus_mitis,pep.365
Corynebacterium_xerosis,pep.366
Corynebacterium_xerosis,pep.367
Corynebacterium_xerosis,pep.368
Corynebacterium_xerosis,pep.369
Cronobacter_sakazakii,pep.370
Cronobacter_sakazakii,pep.371
Cronobacter_sakazakii,pep.372
Cronobacter_sakazakii,pep.373
Cronobacter_sakazakii,pep.374
Cronobacter_sakazakii,pep.375
Cronobacter_sakazakii,pep.376
Cronobacter_sakazakii,pep.377
Cronobacter_sakazakii,pep.378
Cryptococcus_neoformans,pep.379
Cryptococcus_neoformans,pep.380
Cryptococcus_neoformans,pep.381
Leishmania_major,pep.381
Leishmania_mexicana,pep.381
Microsporum_canis,pep.381
Sinorhizobium_meliloti,pep.381
Spiroplasma_apis,pep.381
Spiroplasma_citri,pep.381
Spiroplasma_floricola,pep.381
Cryptococcus_neoformans,pep.382
Pseudomonas_putida,pep.382
Saccharomyces_cerevisiae,pep.382
Streptococcus_mutans,pep.382
Cryptococcus_neoformans,pep.383
Pseudomonas_putida,pep.383
Saccharomyces_cerevisiae,pep.383
Cryptococcus_neoformans,pep.384
Pseudomonas_putida,pep.384
Saccharomyces_cerevisiae,pep.384
Streptococcus_mutans,pep.384
Cutibacterium_acnes,pep.385
Cutibacterium_acnes,pep.386
Phytophthora_nicotianae,pep.386
Cutibacterium_acnes,pep.387
Proteus_mirabilis,pep.387
Staphylococcus_haemolyticus,pep.387
Cutibacterium_acnes,pep.388
Staphylococcus_haemolyticus,pep.388
Cutibacterium_acnes,pep.389
Proteus_mirabilis,pep.389
Cutibacterium_acnes,pep.390
Cyberlindnera_jadinii,pep.391
Staphylococcus_haemolyticus,pep.391
Cyberlindnera_jadinii,pep.392
Cyberlindnera_jadinii,pep.393
Cyberlindnera_jadinii,pep.394
Edwardsiella_ictaluri,pep.395
Lactococcus_garvieae,pep.395
Pseudomonas_putida,pep.395
Yersinia_ruckeri,pep.395
Edwardsiella_tarda,pep.396
Vibrio_anguillarum,pep.396
Edwardsiella_tarda,pep.397
Edwardsiella_tarda,pep.398
Streptococcus_iniae,pep.398
Edwardsiella_tarda,pep.399
Edwardsiella_tarda,pep.400
Plesiomonas_shigelloides,pep.400
Edwardsiella_tarda,pep.401
Edwardsiella_tarda,pep.402
Streptococcus_iniae,pep.402
Enterobacter_aerogenes,pep.403
Enterobacter_cloacae,pep.403
Enterobacter_aerogenes,pep.404
Klebsiella_aerogenes,pep.404
Enterobacter_aerogenes,pep.405
Francisella_tularensis,pep.405
Enterobacter_aerogenes,pep.406
Klebsiella_oxytoca,pep.406
Raoultella_ornithinolytica,pep.406
Staphylococcus_hominis,pep.406
Enterobacter_aerogenes,pep.407
Lactobacillus_acidophilus,pep.407
Lactococcus_lactis,pep.407
Streptococcus_salivarius,pep.407
Streptococcus_sanguinis,pep.407
Enterobacter_aerogenes,pep.408
Fusobacterium_nucleatum,pep.408
Lactobacillus_acidophilus,pep.408
Streptococcus_salivarius,pep.408
Enterobacter_aerogenes,pep.409
Haemophilus_influenzae,pep.409
Enterobacter_cloacae,pep.410
Enterobacter_cloacae,pep.411
Mycobacterium_vaccae,pep.411
Proteus_vulgaris,pep.411
Enterobacter_cloacae,pep.412
Enterobacter_cloacae,pep.413
Enterococcus_casseliflavus,pep.414
Enterococcus_gallinarum,pep.414
Enterococcus_casseliflavus,pep.415
Enterococcus_gallinarum,pep.415
Enterococcus_casseliflavus,pep.416
Enterococcus_gallinarum,pep.416
Enterococcus_faecalis,pep.417
Enterococcus_faecalis,pep.418
Escherichia_coli,pep.418
Pseudomonas_fluorescens,pep.418
Pseudomonas_stutzeri,pep.418
Stenotrophomonas_maltophilia,pep.418
Enterococcus_faecalis,pep.419
Enterococcus_faecium,pep.419
Enterococcus_hirae,pep.419
Lactobacillus_plantarum,pep.419
Lactobacillus_sakei,pep.419
Lactococcus_lactis,pep.419
Listeria_innocua,pep.419
Enterococcus_faecalis,pep.420
Lactobacillus_plantarum,pep.420
Lactococcus_lactis,pep.420
Listeria_monocytogenes,pep.420
Pseudomonas_putida,pep.420
Shigella_dysenteriae,pep.420
Shigella_flexneri,pep.420
Enterococcus_faecalis,pep.421
Enterococcus_faecalis,pep.422
Staphylococcus_epidermidis,pep.422
Enterococcus_faecalis,pep.423
Enterococcus_faecium,pep.423
Listeria_monocytogenes,pep.423
Enterococcus_faecium,pep.424
Listeria_monocytogenes,pep.424
Enterococcus_faecium,pep.425
Enterococcus_faecium,pep.426
Streptococcus_pneumoniae,pep.426
Enterococcus_faecium,pep.427
Enterococcus_gallinarum,pep.428
Staphylococcus_cohnii,pep.428
Staphylococcus_hominis,pep.428
Staphylococcus_warneri,pep.428
Enterococcus_gallinarum,pep.429
Staphylococcus_cohnii,pep.429
Staphylococcus_hominis,pep.429
Staphylococcus_warneri,pep.429
Enterococcus_gallinarum,pep.430
Staphylococcus_cohnii,pep.430
Staphylococcus_hominis,pep.430
Staphylococcus_warneri,pep.430
Enterococcus_hirae,pep.431
Erwinia_amylovora,pep.432
Erwinia_amylovora,pep.433
Xanthomonas_axonopodis,pep.433
Erwinia_amylovora,pep.434
Xanthomonas_axonopodis,pep.434
Erwinia_amylovora,pep.435
Xanthomonas_axonopodis,pep.435
Erwinia_amylovora,pep.436
Fusarium_oxysporum,pep.436
Erwinia_amylovora,pep.437
Fusarium_oxysporum,pep.437
Erwinia_amylovora,pep.438
Erwinia_amylovora,pep.439
Erwinia_amylovora,pep.440
Erwinia_amylovora,pep.441
Escherichia_coli,pep.442
Salmonella_enterica,pep.442
Shigella_sonnei,pep.442
Escherichia_coli,pep.443
Klebsiella_pneumoniae,pep.443
Salmonella_enterica,pep.443
Shigella_sonnei,pep.443
Escherichia_coli,pep.444
Klebsiella_pneumoniae,pep.444
Pseudomonas_aeruginosa,pep.444
Salmonella_enterica,pep.444
Shigella_sonnei,pep.444
Escherichia_coli,pep.445
Escherichia_coli,pep.446
Pseudomonas_syringae,pep.446
Shigella_flexneri,pep.446
Sinorhizobium_meliloti,pep.446
Escherichia_coli,pep.447
Salmonella_enterica,pep.447
Flavobacterium_psychrophilum,pep.448
Yersinia_ruckeri,pep.448
Flavobacterium_psychrophilum,pep.449
Yersinia_ruckeri,pep.449
Francisella_tularensis,pep.450
Francisella_tularensis,pep.451
Neisseria_gonorrhoeae,pep.451
Francisella_tularensis,pep.452
Fusarium_culmorum,pep.453
Neurospora_crassa,pep.453
Fusarium_culmorum,pep.454
Pectobacterium_carotovorum,pep.454
Xanthomonas_campestris,pep.454
Fusarium_culmorum,pep.455
Fusarium_culmorum,pep.456
Fusarium_graminearum,pep.457
Fusarium_graminearum,pep.458
Fusarium_graminearum,pep.459
Fusarium_graminearum,pep.460
Fusarium_graminearum,pep.461
Fusarium_graminearum,pep.462
Fusarium_graminearum,pep.463
Fusarium_graminearum,pep.464
Fusarium_oxysporum,pep.465
Fusarium_oxysporum,pep.466
Fusarium_oxysporum,pep.467
Fusarium_oxysporum,pep.468
Fusarium_oxysporum,pep.469
Fusarium_solani,pep.470
Rhizoctonia_solani,pep.470
Trichoderma_asperellum,pep.470
Fusarium_solani,pep.471
Pectobacterium_carotovorum,pep.471
Rhizoctonia_solani,pep.471
Trichoderma_asperellum,pep.471
Xanthomonas_campestris,pep.471
Fusarium_solani,pep.472
Fusarium_solani,pep.473
Trichoderma_asperellum,pep.473
Xanthomonas_campestris,pep.473
Fusarium_solani,pep.474
Trichoderma_asperellum,pep.474
Fusarium_solani,pep.475
Fusarium_solani,pep.476
Fusobacterium_nucleatum,pep.477
Streptococcus_agalactiae,pep.477
Fusobacterium_nucleatum,pep.478
Fusobacterium_nucleatum,pep.479
Lactobacillus_acidophilus,pep.479
Streptococcus_salivarius,pep.479
Fusobacterium_nucleatum,pep.480
Porphyromonas_gingivalis,pep.480
Fusobacterium_nucleatum,pep.481
Porphyromonas_gingivalis,pep.481
Fusobacterium_nucleatum,pep.482
Lactobacillus_acidophilus,pep.482
Streptococcus_salivarius,pep.482
Fusobacterium_nucleatum,pep.483
Haemophilus_influenzae,pep.484
Moraxella_catarrhalis,pep.484
Neisseria_meningitidis,pep.484
[Haemophilus]_ducreyi,pep.484
Haemophilus_influenzae,pep.485
Haemophilus_influenzae,pep.486
Vibrio_vulnificus,pep.486
Haemophilus_influenzae,pep.487
Haemophilus_influenzae,pep.488
Haemophilus_influenzae,pep.489
Malassezia_sympodialis,pep.489
Haemophilus_parasuis,pep.490
Haemophilus_parasuis,pep.491
Helicobacter_pylori,pep.492
Vibrio_vulnificus,pep.492
Helicobacter_pylori,pep.493
Helicobacter_pylori,pep.494
Helicobacter_pylori,pep.495
Helicobacter_pylori,pep.496
Helicobacter_pylori,pep.497
Histophilus_somni,pep.498
Mannheimia_haemolytica,pep.498
Pasteurella_multocida,pep.498
Klebsiella_oxytoca,pep.499
Kluyveromyces_marxianus,pep.499
Klebsiella_oxytoca,pep.500
Klebsiella_oxytoca,pep.501
Klebsiella_oxytoca,pep.502
Kluyveromyces_marxianus,pep.502
Klebsiella_pneumoniae,pep.503
Pseudomonas_aeruginosa,pep.503
Shigella_sonnei,pep.503
Klebsiella_pneumoniae,pep.504
Pseudomonas_aeruginosa,pep.504
Shigella_sonnei,pep.504
Klebsiella_pneumoniae,pep.505
Staphylococcus_saprophyticus,pep.505
Klebsiella_pneumoniae,pep.506
Kluyveromyces_marxianus,pep.507
Kluyveromyces_marxianus,pep.508
Kluyveromyces_marxianus,pep.509
Kluyveromyces_marxianus,pep.510
Kluyveromyces_marxianus,pep.511
Kluyveromyces_marxianus,pep.512
Kocuria_rhizophila,pep.513
Kocuria_rhizophila,pep.514
Kocuria_rhizophila,pep.515
Kocuria_rhizophila,pep.516
Kocuria_rhizophila,pep.517
Kocuria_rhizophila,pep.518
Kocuria_rhizophila,pep.519
Kocuria_rhizophila,pep.520
Kocuria_rhizophila,pep.521
Lactobacillus_acidophilus,pep.522
Lactobacillus_acidophilus,pep.523
Lactobacillus_casei,pep.524
Veillonella_atypica,pep.524
Lactobacillus_casei,pep.525
Veillonella_atypica,pep.525
Lactobacillus_casei,pep.526
Veillonella_atypica,pep.526
Lactobacillus_casei,pep.527
Veillonella_atypica,pep.527
Lactobacillus_casei,pep.528
Lactobacillus_plantarum,pep.529
Lactobacillus_sakei,pep.529
Lactobacillus_plantarum,pep.530
Lactobacillus_sakei,pep.530
Lactobacillus_sakei,pep.531
Lactococcus_lactis,pep.531
Staphylococcus_carnosus,pep.531
Lactococcus_garvieae,pep.532
Streptococcus_equinus,pep.532
Vibrio_anguillarum,pep.532
Yersinia_enterocolitica,pep.532
Lactococcus_garvieae,pep.533
Streptococcus_equinus,pep.533
Streptococcus_iniae,pep.533
Vibrio_anguillarum,pep.533
Lactococcus_garvieae,pep.534
Lactococcus_garvieae,pep.535
Streptococcus_equinus,pep.535
Yersinia_enterocolitica,pep.535
Lactococcus_garvieae,pep.536
Photobacterium_damselae,pep.536
Vibrio_anguillarum,pep.536
Yersinia_ruckeri,pep.536
Lactococcus_garvieae,pep.537
Yersinia_enterocolitica,pep.537
Lactococcus_lactis,pep.538
Lactococcus_lactis,pep.539
Lactococcus_lactis,pep.540
Lactococcus_lactis,pep.541
Lactococcus_lactis,pep.542
Legionella_longbeachae,pep.543
Legionella_oakridgensis,pep.543
Legionella_pneumophila,pep.543
Legionella_longbeachae,pep.544
Legionella_oakridgensis,pep.544
Legionella_pneumophila,pep.544
Leishmania_major,pep.545
Leishmania_mexicana,pep.545
Microsporum_canis,pep.545
Mycoplasma_fermentans,pep.545
Mycoplasma_hyorhinis,pep.545
Nocardia_brasiliensis,pep.545
Sinorhizobium_meliloti,pep.545
Spiroplasma_apis,pep.545
Spiroplasma_citri,pep.545
Spiroplasma_floricola,pep.545
Trichophyton_rubrum,pep.545
Leishmania_major,pep.546
Leishmania_major,pep.547
Leuconostoc_lactis,pep.548
Leuconostoc_mesenteroides,pep.548
Pasteurella_haemolytica,pep.548
Streptococcus_uberis,pep.548
Leuconostoc_lactis,pep.549
Leuconostoc_lactis,pep.550
Leuconostoc_lactis,pep.551
Leuconostoc_lactis,pep.552
Leuconostoc_lactis,pep.553
Leuconostoc_lactis,pep.554
Leuconostoc_lactis,pep.555
Streptococcus_uberis,pep.555
Leuconostoc_lactis,pep.556
Leuconostoc_lactis,pep.557
Leuconostoc_mesenteroides,pep.558
Leuconostoc_mesenteroides,pep.559
Pasteurella_haemolytica,pep.559
Listeria_innocua,pep.560
Listeria_innocua,pep.561
Listeria_innocua,pep.562
Listeria_innocua,pep.563
Listeria_innocua,pep.564
Listeria_innocua,pep.565
Listeria_ivanovii,pep.566
Listeria_ivanovii,pep.567
Listeria_ivanovii,pep.568
Listeria_ivanovii,pep.569
Listeria_ivanovii,pep.570
Listeria_ivanovii,pep.571
Listeria_ivanovii,pep.572
Listeria_ivanovii,pep.573
Listeria_monocytogenes,pep.574
Streptococcus_mitis,pep.574
Listeria_monocytogenes,pep.575
Listeria_seeligeri,pep.575
Listeria_seeligeri,pep.576
Lysinibacillus_sphaericus,pep.577
Malassezia_furfur,pep.578
Malassezia_furfur,pep.579
Malassezia_furfur,pep.580
Malassezia_furfur,pep.581
Malassezia_furfur,pep.582
Trichophyton_rubrum,pep.582
Malassezia_furfur,pep.583
Malassezia_sympodialis,pep.584
Malassezia_sympodialis,pep.585
Malassezia_sympodialis,pep.586
Meyerozyma_guilliermondii,pep.586
Malassezia_sympodialis,pep.587
Meyerozyma_guilliermondii,pep.588
Phytophthora_nicotianae,pep.588
Yersinia_pseudotuberculosis,pep.588
Meyerozyma_guilliermondii,pep.589
Phytophthora_nicotianae,pep.589
Meyerozyma_guilliermondii,pep.590
Meyerozyma_guilliermondii,pep.591
Meyerozyma_guilliermondii,pep.592
Meyerozyma_guilliermondii,pep.593
Phytophthora_nicotianae,pep.593
Meyerozyma_guilliermondii,pep.594
Meyerozyma_guilliermondii,pep.595
Meyerozyma_guilliermondii,pep.596
Micrococcus_luteus,pep.597
Micrococcus_luteus,pep.598
Micrococcus_luteus,pep.599
Mycobacterium_vaccae,pep.599
Micrococcus_luteus,pep.600
Micrococcus_luteus,pep.601
Micrococcus_luteus,pep.602
Micrococcus_luteus,pep.603
Microsporum_canis,pep.604
Trichophyton_rubrum,pep.604
Microsporum_canis,pep.605
Nocardia_brasiliensis,pep.605
Trichophyton_rubrum,pep.605
Microsporum_canis,pep.606
Microsporum_canis,pep.607
Nocardia_brasiliensis,pep.607
Morganella_morganii,pep.608
Staphylococcus_warneri,pep.608
Mycobacterium_bovis,pep.609
Mycobacterium_smegmatis,pep.609
Mycobacterium_tuberculosis,pep.609
Mycobacterium_bovis,pep.610
Mycobacterium_smegmatis,pep.610
Mycobacterium_bovis,pep.611
Mycobacterium_bovis,pep.612
Mycobacterium_bovis,pep.613
Mycobacterium_bovis,pep.614
Mycobacterium_bovis,pep.615
Mycobacterium_smegmatis,pep.616
Mycobacterium_smegmatis,pep.617
Mycobacterium_smegmatis,pep.618
Mycobacterium_tuberculosis,pep.618
Mycobacterium_smegmatis,pep.619
Zymomonas_mobilis,pep.619
Mycobacterium_smegmatis,pep.620
Mycobacterium_tuberculosis,pep.621
Mycobacterium_tuberculosis,pep.622
Mycobacterium_tuberculosis,pep.623
Mycobacterium_tuberculosis,pep.624
Mycobacterium_tuberculosis,pep.625
Mycobacterium_tuberculosis,pep.626
Mycobacterium_vaccae,pep.627
Mycobacterium_vaccae,pep.628
Pseudomonas_syringae,pep.628
Salmonella_enterica,pep.628
Shigella_flexneri,pep.628
Sinorhizobium_meliloti,pep.628
Mycobacterium_vaccae,pep.629
Mycobacterium_vaccae,pep.630
Mycobacterium_vaccae,pep.631
Mycobacterium_vaccae,pep.632
Mycobacterium_vaccae,pep.633
Mycobacterium_vaccae,pep.634
Mycoplasma_gallisepticum,pep.635
Mycoplasma_gallisepticum,pep.636
Mycoplasma_mycoides,pep.636
Spiroplasma_citri,pep.636
Spiroplasma_floricola,pep.636
Mycoplasma_gallisepticum,pep.637
Mycoplasma_gallisepticum,pep.638
Mycoplasma_genitalium,pep.638
Mycoplasma_mycoides,pep.638
Spiroplasma_apis,pep.638
Spiroplasma_citri,pep.638
Spiroplasma_floricola,pep.638
Neisseria_gonorrhoeae,pep.639
Proteus_mirabilis,pep.639
Ureaplasma_urealyticum,pep.639
Neisseria_gonorrhoeae,pep.640
Neisseria_gonorrhoeae,pep.641
Neisseria_gonorrhoeae,pep.642
Neisseria_gonorrhoeae,pep.643
Neisseria_gonorrhoeae,pep.644
Neisseria_gonorrhoeae,pep.645
Neisseria_gonorrhoeae,pep.646
Neisseria_gonorrhoeae,pep.647
Neisseria_meningitidis,pep.648
Vibrio_cholerae,pep.648
Neisseria_meningitidis,pep.649
Neisseria_meningitidis,pep.650
Neurospora_crassa,pep.651
Neurospora_crassa,pep.652
Parvimonas_micra,pep.652
Prevotella_intermedia,pep.652
Paenibacillus_larvae,pep.653
Parvimonas_micra,pep.654
Prevotella_intermedia,pep.654
Pasteurella_haemolytica,pep.655
Pasteurella_haemolytica,pep.656
Pasteurella_multocida,pep.657
Pectobacterium_carotovorum,pep.658
Pectobacterium_carotovorum,pep.659
Rhizoctonia_solani,pep.659
Trichoderma_asperellum,pep.659
Xanthomonas_campestris,pep.659
Pectobacterium_carotovorum,pep.660
Pseudomonas_syringae,pep.660
Pediococcus_acidilactici,pep.661
Pediococcus_acidilactici,pep.662
Pediococcus_acidilactici,pep.663
Pediococcus_acidilactici,pep.664
Penicillium_digitatum,pep.665
Penicillium_digitatum,pep.666
Penicillium_digitatum,pep.667
Penicillium_digitatum,pep.668
Penicillium_digitatum,pep.669
Penicillium_digitatum,pep.670
Penicillium_digitatum,pep.671
Penicillium_digitatum,pep.672
Penicillium_digitatum,pep.673
Pichia_kudriavzevii,pep.674
Pichia_kudriavzevii,pep.675
Pichia_kudriavzevii,pep.676
Pichia_kudriavzevii,pep.677
Pichia_kudriavzevii,pep.678
Porphyromonas_gingivalis,pep.679
Porphyromonas_gingivalis,pep.680
Porphyromonas_gingivalis,pep.681
Proteus_mirabilis,pep.682
Proteus_mirabilis,pep.683
Proteus_vulgaris,pep.684
Proteus_vulgaris,pep.685
Proteus_vulgaris,pep.686
Proteus_vulgaris,pep.687
Proteus_vulgaris,pep.688
Proteus_vulgaris,pep.689
Proteus_vulgaris,pep.690
Proteus_vulgaris,pep.691
Providencia_rettgeri,pep.692
Providencia_stuartii,pep.693
Providencia_stuartii,pep.694
Pseudomonas_aeruginosa,pep.695
Pseudomonas_aeruginosa,pep.696
Pseudomonas_aeruginosa,pep.697
Salmonella_enterica,pep.697
Shigella_sonnei,pep.697
Pseudomonas_aeruginosa,pep.698
Pseudomonas_aeruginosa,pep.699
Pseudomonas_aeruginosa,pep.700
Salmonella_enterica,pep.700
Shigella_sonnei,pep.700
Pseudomonas_aeruginosa,pep.701
Pseudomonas_corrugata,pep.702
Xanthomonas_vesicatoria,pep.702
Pseudomonas_corrugata,pep.703
Pseudomonas_corrugata,pep.704
Pseudomonas_corrugata,pep.705
Pseudomonas_corrugata,pep.706
Pseudomonas_fluorescens,pep.707
Pseudomonas_fluorescens,pep.708
Pseudomonas_fluorescens,pep.709
Pseudomonas_putida,pep.710
Streptococcus_mutans,pep.710
Pseudomonas_putida,pep.711
Saccharomyces_cerevisiae,pep.711
Streptococcus_mutans,pep.711
Pseudomonas_putida,pep.712
Saccharomyces_cerevisiae,pep.712
Streptococcus_mutans,pep.712
Pseudomonas_stutzeri,pep.713
Pseudomonas_stutzeri,pep.714
Pseudomonas_syringae,pep.715
Shigella_flexneri,pep.715
Sinorhizobium_meliloti,pep.715
Pseudomonas_syringae,pep.716
Salmonella_enterica,pep.716
Shigella_flexneri,pep.716
Sinorhizobium_meliloti,pep.716
Pseudomonas_syringae,pep.717
Pseudomonas_syringae,pep.718
Pseudomonas_syringae,pep.719
Xanthomonas_vesicatoria,pep.719
Pythium_ultimum,pep.720
Rhizoctonia_solani,pep.720
Ralstonia_solanacearum,pep.721
Verticillium_dahliae,pep.721
Ralstonia_solanacearum,pep.722
Ralstonia_solanacearum,pep.723
Rhizoctonia_solani,pep.724
Rhizoctonia_solani,pep.725
Rhizoctonia_solani,pep.726
Rhizoctonia_solani,pep.727
Rhodococcus_equi,pep.728
Streptococcus_equinus,pep.728
Rhodococcus_equi,pep.729
Rothia_dentocariosa,pep.730
Rothia_mucilaginosa,pep.730
Staphylococcus_pseudintermedius,pep.730
Rothia_dentocariosa,pep.731
Rothia_mucilaginosa,pep.731
Staphylococcus_pseudintermedius,pep.731
Saccharomyces_cerevisiae,pep.732
Streptococcus_mutans,pep.732
Saccharomyces_cerevisiae,pep.733
Schizosaccharomyces_pombe,pep.734
Schizosaccharomyces_pombe,pep.735
Staphylococcus_capitis,pep.735
Yersinia_pseudotuberculosis,pep.735
Schizosaccharomyces_pombe,pep.736
Schizosaccharomyces_pombe,pep.737
Schizosaccharomyces_pombe,pep.738
Schizosaccharomyces_pombe,pep.739
Staphylococcus_capitis,pep.739
Schizosaccharomyces_pombe,pep.740
Schizosaccharomyces_pombe,pep.741
Staphylococcus_capitis,pep.741
Yersinia_pseudotuberculosis,pep.741
Serratia_marcescens,pep.742
Streptococcus_mutans,pep.742
Streptococcus_pneumoniae,pep.742
Serratia_marcescens,pep.743
Serratia_marcescens,pep.744
Serratia_marcescens,pep.745
Trichophyton_rubrum,pep.745
Serratia_marcescens,pep.746
Serratia_marcescens,pep.747
Serratia_marcescens,pep.748
Serratia_rubidaea,pep.749
Staphylococcus_carnosus,pep.749
Serratia_rubidaea,pep.750
Serratia_rubidaea,pep.751
Serratia_rubidaea,pep.752
Serratia_rubidaea,pep.753
Staphylococcus_carnosus,pep.753
Serratia_rubidaea,pep.754
Shewanella_putrefaciens,pep.755
Vibrio_anguillarum,pep.755
Shewanella_putrefaciens,pep.756
Shewanella_putrefaciens,pep.757
Shewanella_putrefaciens,pep.758
Shewanella_putrefaciens,pep.759
Shewanella_putrefaciens,pep.760
Shewanella_putrefaciens,pep.761
Shewanella_putrefaciens,pep.762
Shewanella_putrefaciens,pep.763
Shigella_dysenteriae,pep.764
Shigella_dysenteriae,pep.765
Shigella_dysenteriae,pep.766
Shigella_dysenteriae,pep.767
Shigella_dysenteriae,pep.768
Shigella_dysenteriae,pep.769
Shigella_flexneri,pep.770
Shigella_sonnei,pep.771
Staphylococcus_saprophyticus,pep.771
Sinorhizobium_meliloti,pep.772
Sinorhizobium_meliloti,pep.773
Spiroplasma_apis,pep.774
Spiroplasma_citri,pep.774
Spiroplasma_floricola,pep.774
Sporothrix_schenckii,pep.775
Sporothrix_schenckii,pep.776
Sporothrix_schenckii,pep.777
Sporothrix_schenckii,pep.778
Sporothrix_schenckii,pep.779
Staphylococcus,pep.780
Staphylococcus_aureus,pep.781
Staphylococcus_aureus,pep.782
Yersinia_enterocolitica,pep.782
Staphylococcus_capitis,pep.783
Staphylococcus_capitis,pep.784
Yersinia_pseudotuberculosis,pep.784
Staphylococcus_capitis,pep.785
Staphylococcus_capitis,pep.786
Staphylococcus_carnosus,pep.787
Staphylococcus_carnosus,pep.788
Staphylococcus_carnosus,pep.789
Staphylococcus_epidermidis,pep.790
Staphylococcus_epidermidis,pep.791
Staphylococcus_epidermidis,pep.792
Staphylococcus_epidermidis,pep.793
Staphylococcus_epidermidis,pep.794
Staphylococcus_epidermidis,pep.795
Staphylococcus_haemolyticus,pep.796
Staphylococcus_pseudintermedius,pep.796
Staphylococcus_simulans,pep.796
Staphylococcus_hominis,pep.797
Staphylococcus_pseudintermedius,pep.798
Staphylococcus_simulans,pep.798
Staphylococcus_pseudintermedius,pep.799
Staphylococcus_saprophyticus,pep.800
Staphylococcus_saprophyticus,pep.801
Staphylococcus_saprophyticus,pep.802
Streptococcus_agalactiae,pep.802
Staphylococcus_saprophyticus,pep.803
Staphylococcus_sciuri,pep.804
Staphylococcus_simulans,pep.805
Staphylococcus_simulans,pep.806
Staphylococcus_simulans,pep.807
Staphylococcus_simulans,pep.808
Staphylococcus_simulans,pep.809
Staphylococcus_simulans,pep.810
Staphylococcus_simulans,pep.811
Staphylococcus_simulans,pep.812
Staphylococcus_xylosus,pep.813
Staphylococcus_xylosus,pep.814
Staphylococcus_xylosus,pep.815
Staphylococcus_xylosus,pep.816
Staphylococcus_xylosus,pep.817
Staphylococcus_xylosus,pep.818
Staphylococcus_xylosus,pep.819
Staphylococcus_xylosus,pep.820
Stenotrophomonas_maltophilia,pep.821
Stenotrophomonas_maltophilia,pep.822
Stenotrophomonas_maltophilia,pep.823
Stenotrophomonas_maltophilia,pep.824
Stenotrophomonas_maltophilia,pep.825
Stenotrophomonas_maltophilia,pep.826
Stenotrophomonas_maltophilia,pep.827
Streptococcus_agalactiae,pep.828
Streptococcus_agalactiae,pep.829
Streptococcus_agalactiae,pep.830
Streptococcus_agalactiae,pep.831
Streptococcus_agalactiae,pep.832
Streptococcus_agalactiae,pep.833
Streptococcus_anginosus,pep.834
Streptococcus_dysgalactiae,pep.834
Streptococcus_equi,pep.834
Streptococcus_lutetiensis,pep.834
Streptococcus_oralis,pep.834
Streptococcus_dysgalactiae,pep.835
Streptococcus_dysgalactiae,pep.836
Streptococcus_equinus,pep.837
Streptococcus_equinus,pep.838
Streptococcus_equinus,pep.839
Streptococcus_equinus,pep.840
Streptococcus_gordonii,pep.841
Streptococcus_gordonii,pep.842
Streptococcus_gordonii,pep.843
Streptococcus_sanguinis,pep.843
Streptococcus_gordonii,pep.844
Veillonella_atypica,pep.844
Streptococcus_iniae,pep.845
Vibrio_vulnificus,pep.845
Streptococcus_iniae,pep.846
Streptococcus_iniae,pep.847
Streptococcus_iniae,pep.848
Streptococcus_mitis,pep.849
Streptococcus_oralis,pep.850
Streptococcus_parasanguinis,pep.850
Streptococcus_salivarius,pep.850
Streptococcus_sobrinus,pep.850
Streptococcus_pyogenes,pep.851
Streptococcus_pyogenes,pep.852
Streptococcus_pyogenes,pep.853
Streptococcus_pyogenes,pep.854
Streptococcus_pyogenes,pep.855
Streptococcus_salivarius,pep.856
Streptococcus_salivarius,pep.857
Streptococcus_sanguinis,pep.858
Streptococcus_sanguinis,pep.859
Streptococcus_sanguinis,pep.860
Streptococcus_sanguinis,pep.861
Streptococcus_sobrinus,pep.861
Streptococcus_sobrinus,pep.862
Streptococcus_sobrinus,pep.863
Streptococcus_sobrinus,pep.864
Streptococcus_sobrinus,pep.865
Streptococcus_suis,pep.866
Streptococcus_suis,pep.867
Streptococcus_suis,pep.868
Streptococcus_suis,pep.869
Streptococcus_suis,pep.870
Streptococcus_suis,pep.871
Streptococcus_suis,pep.872
Streptococcus_suis,pep.873
Streptococcus_uberis,pep.874
Streptococcus_uberis,pep.875
Streptococcus_uberis,pep.876
Streptococcus_uberis,pep.877
Streptococcus_uberis,pep.878
Streptococcus_uberis,pep.879
Streptococcus_uberis,pep.880
Streptococcus_uberis,pep.881
Trichoderma_asperellum,pep.882
Trichoderma_asperellum,pep.883
Trichoderma_asperellum,pep.884
Trichophyton_mentagrophytes,pep.885
Trichophyton_mentagrophytes,pep.886
Trichophyton_mentagrophytes,pep.887
Trichophyton_mentagrophytes,pep.888
Trichophyton_mentagrophytes,pep.889
Trichophyton_mentagrophytes,pep.890
Trichophyton_rubrum,pep.891
Trichophyton_rubrum,pep.892
Trichophyton_rubrum,pep.893
Trichophyton_rubrum,pep.894
Ureaplasma_urealyticum,pep.895
Veillonella_atypica,pep.896
Veillonella_atypica,pep.897
Veillonella_atypica,pep.898
Veillonella_atypica,pep.899
Veillonella_atypica,pep.900
Vibrio_anguillarum,pep.901
Vibrio_cholerae,pep.902
Vibrio_cholerae,pep.903
Vibrio_cholerae,pep.904
Vibrio_cholerae,pep.905
Vibrio_vulnificus,pep.906
Vibrio_vulnificus,pep.907
Vibrio_vulnificus,pep.908
Xanthomonas_axonopodis,pep.909
Xanthomonas_axonopodis,pep.910
Xanthomonas_axonopodis,pep.911
Xanthomonas_axonopodis,pep.912
Xanthomonas_axonopodis,pep.913
Xanthomonas_axonopodis,pep.914
Xanthomonas_campestris,pep.915
Xanthomonas_oryzae,pep.915
Xanthomonas_oryzae,pep.916
Xanthomonas_oryzae,pep.917
Yersinia_enterocolitica,pep.918
Yersinia_enterocolitica,pep.919
Yersinia_pestis,pep.920
Yersinia_pestis,pep.921
Yersinia_ruckeri,pep.922
Yersinia_ruckeri,pep.923
Yersinia_ruckeri,pep.924
Zobellia_galactanivorans,pep.925
Zymomonas_mobilis,pep.926
Zymomonas_mobilis,pep.927
Zymomonas_mobilis,pep.928
